cluster_id,cluster_size,meme_id,ocr_text,ocr_confidence,representative_similarity
-1,1662,meme_003205,МАМА:ОТДАЕТ ДЕСЯТКИ ТЫСЯЧ НА РЕПЕТИТОРОВ УЧИТЕЛЬ: СКОЛЬКО БУДЕТ 2+2*2 Я: ШЕСТЬ MAMA: Кринжанул,0.926087647676468,
-1,1662,meme_002544,Пить пиво Инвестировать Что с нами стало?,0.9385617772738138,
-1,1662,meme_011542,TEPMIHATOP суджний ДЕНЬ,0.8383975625038147,
-1,1662,meme_015977,"Мои любимые аттракционы Американские горки Rуsскie гoрki 1 USD ← 84,96 RUB ЦБРФ 1 Доллар СшА = 84.96 Российского рубля -3.47 ₽ -3.93% за месяц Месяц Год Всё время 90 88 88 84 82 30 мая 2024 5иОH. 11MOH. 17MOH. 21 0H. 27OH. USD / RUB EUR /RUB CNY /RUB KZT /RUB TRY / RUB AED/ 84,96 90,99 11,48 0,183203 2,58 23,14 >",0.8796260989195591,
-1,1662,meme_002035,"God, please Save me! as JPG or PDF?",0.9516580700874328,
-1,1662,meme_015367,CoCl g© Пляжный сезон полностью провалился. Полностью!,0.7043138444423676,
-1,1662,meme_002168,Жириновский предложил погладить котёнка Как Вам идея?,0.9474187970161438,
-1,1662,meme_013515,I have many nukes and not afraid to use them! TAKE ME SERIOUSLY! TAKE HIM SERIOUSLY OR IT'S WW3!!!!!,0.9706836342811584,
-1,1662,meme_009572,JÁLLLEEE!,0.9073050022125244,
-1,1662,meme_003711,Время стать Который час? хорошей специалисткой Яопоздала RESIA ARESIO,0.8335737325251102,
0,32,meme_004232,НАШЕЙ ПЛАНЕТЕУЖЕ 2022ГОДА 2022,0.9162890513737996,0.9550249576568604
0,32,meme_014758,"2022 2026 Sasha Mor HATO, НАТО, тИ ХОч закрий небо! свое небо закрий..",0.9457458390129936,0.9535558223724365
0,32,meme_015030,2025 2022 2023 2026 2024 росияниi СВО,0.9631377259890238,0.9534362554550171
0,32,meme_011144,березень 2020: трентезд фечка 2023: липень,0.9074095090230306,0.9523019790649414
0,32,meme_003291,НАШЕЙ ПЛАНЕТЕУЖЕ 2022ГОДА Midk 2022,0.9033117890357972,0.9516481757164001
0,32,meme_014691,2025 2022 2023 2026 WEW 2024 MOZZKAЛII CBO,0.8640640377998352,0.9494282007217407
0,32,meme_009681,Цієї зустрічі чекає весь CBIT 2023,0.8469756146272024,0.9416219592094421
0,32,meme_011071,BarHep Summer 2023 МЫШЕЛОВКА,0.8729627877473831,0.9411752223968506
0,32,meme_003644,МАШИНА ЗА ЛЯМ В 2О21 ГОДУ: НовыйSolaris МАШИНА ЗА ЛЯМ B 2022 ГОДУ:,0.8454143305619558,0.9370977878570557
0,32,meme_015315,2022 2025 СшА хотят отжать CWA ХОТЯТ отжать все ресуры у Украины все ресуры у Украины,0.8777285168568293,0.9344590306282043
1,20,meme_009544,Авдруг -Не дай Бог! OHTaM есть?,0.8983184844255447,0.9523595571517944
1,20,meme_001209,ЧТОУНАС НА ОБЕД? Гобн Понятно,0.8164797350764275,0.9444226622581482
1,20,meme_004456,ну ты где? ТЫГАА боюсь ответ может прозвучать abсuрднo,0.8229892154534658,0.9433937668800354
1,20,meme_013794,Совесті увac Heтy! !Куда теперь из Татарстана ехать!?,0.7906665503978729,0.9407477974891663
1,20,meme_009849,договорнячок? Hy когда уже договорнячок?,0.9060893177986143,0.9399517774581909
1,20,meme_003890,Ченахуй? Цой Жижа?,0.8725584745407104,0.9364373683929443
1,20,meme_004673,КВРАНУЖИВАЯ ОЧЕРЕДЬ? ПОКА ЕЩЁ ДА,0.8903515636920929,0.9359430074691772
1,20,meme_012614,"Скажите, Шариков, откуда у вас шрамы на голове? - А это я на Изюмских фронтах ранен",0.8646182715892792,0.9351468682289124
1,20,meme_008732,И КУДА ДЕЛСЯ МОЙ ЧЕМОДАН ДЛЯ ГОВНА?! РИАНОВОСТИ,0.9804753184318542,0.9334595203399658
1,20,meme_000555,А вы знаете с кем общается Ваш ребёнок? ? npenog которомунадо сдать долги,0.9053035497665404,0.9333134293556213
2,59,meme_000904,КОГДА С БРАТИШКОЙ СНИМАЕШЬ НА НОЧЬ ОВЕЧКУ,0.9634667634963988,0.947127640247345
2,59,meme_000248,КОГДА НА НОЧЕВКЕ ТЕБЕ НЕ ДАЛИ ОДЕЯЛО,0.96476948261261,0.9467267990112305
2,59,meme_001733,КОГДА МАЖЕШЬ ХОЛОДНОЕ МАСЛО НА ХЛЕБ,0.9655035436153412,0.9440534710884094
2,59,meme_000209,КОГДА ВСПОМНИЛ СМЕШНОЙ МЕМ НА УРОКЕ,0.8929508328437805,0.9437578916549683
2,59,meme_006291,КОГДА ТЕБЕ ДАЛИ 2 МИШЛЕНА И ЗАКРЫЛИ НАЛОКДАУН,0.9725347459316254,0.9424257278442383
2,59,meme_005853,КОГДА СЛУШАЕШЬ КАК ПАХНУТ ЦВЕТЫ,0.9752288460731506,0.9422011375427246
2,59,meme_005478,КОГДА ПОНИМАЕШЬ ЧТО У ПАРНЯ ХОРОШИЙ ВИД ИЗ ОКНА,0.9795827269554138,0.9407334327697754
2,59,meme_000264,КОГДА СХОДИЛ КУДАТО С ХОЗЯИНОМ И ПРОСНУЛСЯ БЕЗ ЯИЧЕК,0.9613401889801024,0.940249502658844
2,59,meme_002877,КОГДА ПОНИМАЕШЬ ЧТО МЕМНЬЫЙ ЧУВАК ВЫГЛЯДИТ КАК ЭИР ПОДС МY3ИKA,0.8451135953267416,0.9398220181465149
2,59,meme_015741,КОЛИ ДИЗНАЛАСЯ ЩО ПАТРОН ВИЛЬНИЙ,0.8684262832005819,0.9390469789505005
3,21,meme_003910,"КОТ: СТОИТ У ДВЕРИ Я: ОТКРЫВАЮ ДВЕРЬ МОЙ КОТ: a bсё уже, всё а надо дыло раньше",0.8771303176879883,0.9507972002029419
3,21,meme_005333,Я: *ПЫТАЮСЬ УСНУТЬ* ДВЕ РАНДОМНЫЕ СОБАКИ В ТРИ ЧАСА НОЧИ:,0.9241980463266372,0.9501862525939941
3,21,meme_000258,Я: ЕМ НА КУХНЕ В 2 ЧАСА НОЧИ МОЙ КОТ: Добрейший вечерочек,0.928691307703654,0.9477465152740479
3,21,meme_002679,"Мама: Сынок, купи яблок Я: Ок Так же я пришедший из магазина: діня",0.922727271914482,0.9460598826408386
3,21,meme_000425,"ВОР: *ВОРУЕТ СУМКУ У АРАБА* АРАБ, У КОТОРОГО TAM БОМБА:",0.9000009596347809,0.945263147354126
3,21,meme_005457,МУЖЧИНА: *НЕ ХОЧЕТ РЕБЁНКА * ЖЕНА: *ВСЁ РАВНО БЕРЕМЕНЕЕТ * МУЖ И РЕБЁНОК:,0.9939078211784362,0.9452599287033081
3,21,meme_002808,Девчонки на физ-ре: эту ножкусюда) Парни: я ем лошкай картошьку акрошьку лепешьку,0.9592532004628864,0.9433022737503052
3,21,meme_003939,"* я: ""отрашиваюсь к парню * на ночевку мама: хорошо, но только с одним условием условие:",0.9692780034882682,0.9420526027679443
3,21,meme_001428,я:*даю минус 5 с ножа на разминке * все остальные на утренней разминке в лагере: YБЕPИHOЖ,0.9112726747989656,0.9382202625274658
3,21,meme_005533,Я: *ИКАЮ* Я: ИКОТА ПЕРЕЙДИ НА ФЕДОТА ФЕДОТ:,0.9251205921173096,0.9379784464836121
4,53,meme_000979,БАТЯ: *ВЫПИЛ АЛКОГОЛЯ Я: S ΔАЙ Tbщу,0.8007978439331055,0.9519233107566833
4,53,meme_001599,Я: ДОСТАЮ МОРОЖЕНОЕ ИЗ МОРОЗИЛКИ МОРОЖЕНОЕ:,0.9851088225841522,0.9462416172027588
4,53,meme_002134,Я: РОНЯЮ МОРОЖЕНОЕ НА ПОЛ МОРОЖЕНОЕ,0.9632160067558287,0.9458950757980347
4,53,meme_000128,Я: СНИМАЮ КУРТКУ ИЗ-ЗА *АPbl ОСТАЛЬНЫЕ ПОЖАРНЫЕ:,0.8331202665964762,0.9457250237464905
4,53,meme_004046,Я: У МЕНЯ ЗУБ ШАТАЕТСЯ БАТЯ:,0.94919091463089,0.9449055194854736
4,53,meme_002141,ЛЮДИ: *РАЗВИВАЮТСЯ* Я:,0.8582940697669983,0.9444996118545532
4,53,meme_003426,УЧИТЕЛЬ: Я КОНЕЧНО НЕ ХУДОЖНИК ЕГО РИСУНОК:,0.9617099463939668,0.9418118000030518
4,53,meme_001012,Я: РАСПЛАЧУСЬ КАРТОЙ БАБКИ: американскийшпивон,0.9646404385566713,0.9416524767875671
4,53,meme_006313,ВСЕ: *РАБОТАЮТ УДАЛЁННО * ЦЫГАНЕ:,0.9866146246592205,0.9404866099357605
4,53,meme_006394,УЧИЛКА:*РАЗДАЕТ КОНТРОЛЬНУЮ* я: эточе,0.8762941757837931,0.9403702020645142
5,34,meme_005716,"КОГДА ТВОЯ ЖОПА Я ЖДЕТ, КОГДА ТЫ НАКОНЕЦ ДОСМОТРИШЬ МЕМЫ И ВЫТРЕШЬ EË",0.9558413863182068,0.945837676525116
5,34,meme_000136,"КОГДА ПЬТАЕШЬСЯ ВОЙТИ В ДОМ, КЛЮЧ НЕ ПОДХОДИТ, А ПОТОМ ТЫ ПОНИМАЕШЬ ЧТО ЭТО НЕ ТВОЙ ДОМ",0.9862962663173676,0.9419310092926025
5,34,meme_000060,"ОЧЕНЬ БЕСИТ, КОГДА ОЧЕНЬ ХОЧЕТСЯ ПУКНУТЬ В МАРШРУТКЕ, А МАРШРУТКИ ВСЕ НЕТ И НЕТ...",0.9717552661895752,0.9403794407844543
5,34,meme_004063,"КОГДА СЛЬШИШЬ ПЕНИЕ ПТИЦ ЗА ОКНОМ, А ОБЕЩАЛ ЛЕЧЬ ВОВРЕМЯ Что-то я засиделся",0.9659513433774312,0.9401456117630005
5,34,meme_005717,"КОГДА ЗАКРЫВАЕШЬ ПРИЛОЖЕНИЕ, ПОТОМУ ЧТО СТАЛО СКУЧНО И СРАЗУ ЖЕ ОТКРЫВАЕШЬ ЕГО СНОВА, ПОТОМУ ЧТО ТЕБЕ СКУЧНО",0.986872375011444,0.9368356466293335
5,34,meme_003602,ПАУК В МОЕЙ КОМНАТЕ СМОТРИТ КАК Я ДРОЧУ И ПΛАЧУ,0.8985294302304586,0.9367665648460388
5,34,meme_000158,"Я ВЗГЛЯНУЛА ВОКРУГ, ОГЛЯНУЛАСЬ НАЗАД. ДУХИ СО МНОЙ ИСВЯЗАТЬСЯ ХОТЯТ БЛИН, МАМ,НЕ СМЕШНО",0.8868598937988281,0.9360498189926147
5,34,meme_003801,10-ЛЕТНИЙ Я В 12 ВЕЧЕРА ОСОЗНАВ ЧТО МНЕ НУЖЕН КЛЕЙ НА УРОК,0.9588216841220856,0.9347822666168213
5,34,meme_002597,ПОНИМАЕШЬ ЧТО ПОВЗРОСЛЕЛ КОГДА КАТОЛИЧЕСКИЕ СВЯЩЕННИКИ ПРОХОДЯТ МИМО И ДАЖЕ НЕ ПОДМИГИВАЮТ,0.965087076028188,0.9333769083023071
5,34,meme_004741,"КОГДА СОБАКА ПЫИТАЕТСЯ ЗАПРЫГНУТЬ НА КРОВАТЬ, НО НЕДОСТАТОЧНО ВЬСОКО ПРЬГАЕТ",0.9187564998865128,0.932427167892456
6,56,meme_010285,ВОСИМЬЛЕТ!,0.880541980266571,0.9520426988601685
6,56,meme_000834,СНОВОСЕЛЬЕМ!,0.9294353127479552,0.9502855539321899
6,56,meme_015926,3 поверненням!,0.983186423778534,0.9493764638900757
6,56,meme_008328,2-3 тижні максимум!,0.9993296265602112,0.9485112428665161
6,56,meme_004851,Cнасибо! 3a cnaM,0.7957469820976257,0.947126030921936
6,56,meme_015054,P5K БИЙДИ 3BИДСИ РОЗБЙНИК!,0.8323008775711059,0.9459391832351685
6,56,meme_009162,Астанавитесь X Ростов не резиновый!,0.9683599919080734,0.9458657503128052
6,56,meme_010195,БАМБИЛИ БАМБАС BОСИМЬЛЕТ!!,0.8709428310394287,0.9456878900527954
6,56,meme_015489,poZZия ZVОбодна! Будет,0.919979194800059,0.9456384778022766
6,56,meme_003680,городского ТРАНСПОРТА!,0.8056973814964294,0.9440535306930542
7,21,meme_003469,Я: ПОЧЕМУ Я ОДИНОК? ТАК ЖЕ Я КОГДА ВИЖУ КОГО ТО ЗНАКОМОГО НА УЛИЦЕ:,0.9640780240297318,0.9539121389389038
7,21,meme_003669,КТО-ТО: ПОЧЕМУ ТЬ НЕ ЗДОРОВАЕШЬСЯ? Я:,0.9019269744555156,0.9518709778785706
7,21,meme_000064,"ДЕВУШКИ НА ФЕРМЕ: -ЧЕМ ТУТ ВООБЩЕ ЗАНЯТЬСЯ? -ФУ, ТАК ГРЯЗНО ПАРНИ НА ФЕРМЕ:",0.9593677818775176,0.9492449760437012
7,21,meme_005119,ДРУГ: ИНЕТ ХОРОШИЙ? Я:,0.885014146566391,0.9482746720314026
7,21,meme_000559,ПАЦАНЫ: ГО ПРОГУЛЯЕМ ПАРЫ Я: O HET! A впрочем.,0.9088896036148072,0.9474379420280457
7,21,meme_000388,"HИКТО: ПАЦАНЫ НА ФИЗ-РЕ: -ДИМОН,СТОЙ НЕБЕЙ ПОВОЛЕЙБОЛЬНОМУ МЯЧУ,ФИЗРУК СМОТРИТ!",0.8906862378120423,0.9405530691146851
7,21,meme_002532,"ПСИХОТЕРАПЕВТ: НУ ВОТ ВЫ И НАУЧИЛИСЬ ГОВОРИТЬ НЕТ, ОПЛАТИТЕ КАРТОЙ ИЛИ НАЛИЧНЫМИ? Я: HET ПСИХОТЕРАПЕВТ:",0.942984449863434,0.939467191696167
7,21,meme_005793,ОПЯТЬ КРОВАТЬ HACCAN ВРОДЕ СУХОЙ А ОН ПРИЧЕМ ?,0.8132723371187845,0.9350215196609497
7,21,meme_003590,2014 1914 1814 a че так дорого мОжНо СкИдКу?,0.9444529158728464,0.9340672492980957
7,21,meme_006012,"МАЛЬЧИК С КИТАЯ: ПРИЕЗЖАЕТ ДЕВОЧКИ: ИНТЕРЕСНО, КАКОЙ ОН? МАЛЬЧИКИ:",0.9853292107582092,0.9339087009429932
8,49,meme_006492,AMbОT ТВОЕГО ПОИЛА НЕ ОСЛЕПНЕМ? HYAПbЮ ИВСЕНОРМ BРОДЕ,0.6818454911311468,0.9544097185134888
8,49,meme_015861,БЛЯХТО ХТОСЬ УМИЕ ПИВОРАЗЛИ В ДИБЕРЦИГРАТЬ? НЕДАВАЙТЕ ХЛІБНИЙ ДАРЛУЧЕ -ЯАТВІЧАЮЯЙОМУ ЩАЇБАЛОНАБ'Ю T (X),0.8760033683343367,0.952716052532196
8,49,meme_002459,KAK TEBE КУРИЦА? ЯHЕКУРЮ - КАК ТЕБЕ ПИЦЦА? — Я НЕ ПЬЮ,0.8545489430427551,0.9476060271263123
8,49,meme_001183,"А ПОМНИТЕ КАК НАМ ПРИХОДИЛОСЬ КОЛОТЬ КРОКОДИЛВ НИЗ ПАХА,ЧТОБЫ МАМУ НЕ ЛИШИЛИ РОДИТЕЛЬСКИХПРАВ? КЛАССНОЕБЫЛОВРЕМЯ,ШКОЛОТЕ НЕ ПОНЯТЬ!",0.9667550722757976,0.9444871544837952
8,49,meme_001144,ЧЕ ЗА ХУЙНЯ? КАКИЕ НАХУЙ ПЛАТЕЖКИ? ГДЕ ПИСЬМО ИЗ ХОГВАРТСА? ТЫ ВЗРОСЛЫЙ ФАППИ,0.9201016426086426,0.9442806839942932
8,49,meme_000466,МНЕНУЖНО ПОРЧУ СНЯТЫ A ВЫ ЕЁ У НАС ДЕЛАЛИ? ГАЛЯ!!! У НАС ОТМЕНА!,0.8570076028505961,0.9438598155975342
8,49,meme_006157,"HЕКОPОНA,БРО? НЕ, НЕКОРОНА, БРО! ТЫЧЕГОРАЗОРАЛСЯ ПЕТУШАРА?",0.8391372263431549,0.9425529837608337
8,49,meme_008813,"INFORMNAPALM шойгу, ГЕРАСИМОВ! ДАЙТЕ СНАРЯДОВ БPЯHCКОMУ ПВО!",0.8667903627668109,0.9419553279876709
8,49,meme_006254,КАКДОЛГОСЛУШАЕТЕ МОРГЕНШТЕРНА? КАКВЫУЗНАЛИ ЧТОЯЕГОСЛУШАЮ? YBАCBCЕYШИ ГОВНОМЗАБИЛИСЫ!,0.9021068513393402,0.9419482946395874
8,49,meme_006425,"МОЛОДОЙЧЕЛОВЕК,А ЭТОВАШ ДA ЯГУАР СТОИТ ВОЗЛЕ РЕСТОРАНА? ЯДОПЬЮ?",0.7844570726156235,0.9415398836135864
9,28,meme_003170,Иногда Хочется ВЫЙТИ na улицу И закричать ОГУ3ОК!! ЕБИ МЕНЯ ВПЕРДАК,0.8137307564417521,0.9563515186309814
9,28,meme_001666,Иногда Хочется ВЫИТИ na улицу И закричать ПРИВЕТ! МЫНАУЧКМ TE6A ЕБАШИТЬ ГЕПЫЧ,0.8198707004388174,0.9548133015632629
9,28,meme_010138,"Хмуриться не надо Мама Хмуриться не надо Папа Для вас смерть моя награда, Лада... CПАСИБО CbHУ ЗА МАШИНУ!",0.8240878184636434,0.9473816752433777
9,28,meme_011954,Укропьі! Когда вернусь в строй - разбегайся кто куда Похоронь 12.00 B,0.980659019947052,0.9447795152664185
9,28,meme_001316,УМРИ! УМРИ! ТЫ ЧТО ТВОРИШЬ?! УМРИ! ЭТО ЖЕ БИБЛИОТЕКА! *СКРИП* *CKPИП* Cyanide and Happiness ©,0.8081583380699158,0.9440374374389648
9,28,meme_007013,"«Вона хотила десять, ++++ але вин бильше не миг...» Tpu opешниkа aa Золшки SVCHE Tri orisky pro Popelku",0.7019285692109002,0.9425056576728821
9,28,meme_006106,Давай уйдем C шестого ypoка? Bce равно B ЭТОМ мире царит равнодушие И безразличие Наше отсутствие даже ne заметят ЗАПОМНИ МИРОПОНИМЯНИЕ Я3bIK ЕСТЬ ВАЖ ПОПУЛЯРНЫЙ ГУМЯННЫИ МНЕРТНЫЙ ГИГАHТ KOЛOCCAЛЬHbM RDT,0.8274225762912205,0.9405874013900757
9,28,meme_005943,В СЕТИ :3:3:3 Ножки плиз :3 Такая то няша :3 3 Пyp пuр пур:3 Скиньмоар фоточек ножек :3 В *и3нИ Ичестобой делать? ΔΑТЬ ΛΕШΑ СЛОМАТЬ КОЛЕНИ,0.878039341706496,0.9391786456108093
9,28,meme_003070,Четыре дня AAAAAAAAAPPITTX спустя АААААААААРРРГГХ Отпусти меня.. спаси себя! Скажи..моей. семье.,0.9130779564380646,0.9376600980758667
9,28,meme_006573,"Почему, когда в России что-то происходит, вы трое всегда рядом? D ИCK Ciмс 3» « Бu3uтка Гимн CWA Яроша B тетрадке",0.729621715270556,0.9375612139701843
10,55,meme_009538,CC POCCMA,0.7434670627117157,0.947664737701416
10,55,meme_011754,NAFO OFAN,0.995148628950119,0.9471776485443115
10,55,meme_008825,DOSMAHDESICN,0.8144844174385071,0.9466312527656555
10,55,meme_014197,TAURUS FOLICHNAY,0.943970263004303,0.9444313645362854
10,55,meme_008665,OOWO,0.6610211431980133,0.9420949220657349
10,55,meme_012771,NTPXAM S,0.4144961237907409,0.9419993758201599
10,55,meme_012531,NEOZOY,0.992572546005249,0.9415993094444275
10,55,meme_008455,POCCNA,0.7844411730766296,0.9399569630622864
10,55,meme_011584,adbmua,0.8950212001800537,0.9397414326667786
10,55,meme_005082,SE3PNG,0.96207457780838,0.9397374987602234
11,35,meme_009416,YOU HANG UP NO YOU HANG UP OMG JFC!!,0.9622275233268738,0.939990758895874
11,35,meme_015528,FUCK AROUND FIND OUT,0.963187962770462,0.9330938458442688
11,35,meme_014913,"BRo YoU SeeInG ThIS? HOLD UP, COT A LINE ... BRRROOOOO",0.8768334984779358,0.9323909282684326
11,35,meme_014175,STOP OK,0.9900346994400024,0.931389331817627
11,35,meme_015956,"Vladimir, stop! INAF OFAN",0.954207107424736,0.9292718768119812
11,35,meme_008490,GET IN LOSER... WE'RE RUNNING AWAY AGAIN,0.9739729464054108,0.9263148307800293
11,35,meme_013817,"Vladimir, STOP",0.9906379580497742,0.9261394739151001
11,35,meme_010581,"Ew, I stepped in shit. ① Z",0.6677836974461874,0.9257708787918091
11,35,meme_010934,ICHALLENGE E YOU TO A HI-TECH DUEL SHUT UP DUMBASS made with mematic,0.9704311117529868,0.9245657920837402
11,35,meme_009955,*retarded dolphin noises*,0.9994554221630096,0.9228524565696716
12,56,meme_006652,Volodymyr Zelenskyy 0 Remind Me Message Accept Accept,0.8565873478849729,0.9531900882720947
12,56,meme_013921,"Russian bots in the comment section S RUSSIAN TROLL How do y do, fellow kids? Here you are some manipulated facts about Ukraine that youlve seen 100 times. I don't have any proofs and I don't care.",0.9828382645334516,0.9424005746841431
12,56,meme_011386,Coke Commit Play the Sprite war victim crimes PUSH PUSH RUSSIA OHEXKY LIME LEYON VANOLIA 0,0.909521821886301,0.9420484304428101
12,56,meme_009933,"Democratic world Post-Soviet states got you, brother! Russia Oh, no, you don't!",0.9948617049625942,0.9407142400741577
12,56,meme_009862,LIVE TV Putin announces partial mobilization in Russia 1 hour ago Z Z PEACE,0.959644727408886,0.9390952587127686
12,56,meme_014669,"Select all squares with SBU drones If there are none, click skip Please try again. SKIP",0.9876612544059752,0.9389277100563049
12,56,meme_015292,"United Nations Why is it when something happens, it's always you three? USA Russia China",0.9954176068305968,0.9348719716072083
12,56,meme_009758,THEN: You are one of us! Italy UK Germany USA Russia France NOW: You are one of us! Syria ISIS 2 Iran North Korea Russia Venezuelá,0.9251141265818948,0.9323052763938904
12,56,meme_013985,Die on the Become a Russian front potato farmer in Belarus Wagner mercenaries rightnow,0.9890065704073224,0.9320467710494995
12,56,meme_014163,"Why Is It, When a World War Happens, It Is Always You Three? Poland Germany Russia made with mematic",0.989259252945582,0.9320412278175354
13,36,meme_014151,RUSSIAN FEDERATION,0.9973768591880798,0.9530236124992371
13,36,meme_013435,RUSSIAN FEDERATION,0.9962818622589112,0.9530236124992371
13,36,meme_008257,RUSSIA UKRAINE WAR CRIMES UKRAINE,0.994528740644455,0.9502568244934082
13,36,meme_008889,RUSSIAN PUTIN SUPPORTERS,0.9991796612739564,0.9466467499732971
13,36,meme_008132,RUSSIA Any agreement with Russia RUSSIA RUSSIA,0.9938958659768105,0.9417814016342163
13,36,meme_013990,Anti-war Visa to Europe movement RUSSIANS,0.9804585874080658,0.9402238130569458
13,36,meme_012721,Donald Trump USA IS RUSSIA,0.9808178246021272,0.9376908540725708
13,36,meme_011314,RUSSIAN ADVENT CALENDAR,0.9723861813545228,0.9361172914505005
13,36,meme_010554,Russian NAFO opposition,0.9966006428003312,0.9327496290206909
13,36,meme_006686,RUSSIA FIRST,0.9132998883724212,0.9320011138916016
14,42,meme_007196,SEND HEAVY WANNA MY YOU WEAPONS TO IF YOU BE LOVER GOTTA UKRAINE,0.996925489469008,0.94163978099823
14,42,meme_010157,"""AKHMAT"" MILITANT TELLS ABOUT UKRAINIAN DRONES WITH CLAW WHICH KIDNAP THE WOUNDED well yesh so what? TЕОРIA ТРУНЬЬЬ",0.9314988056818644,0.937652051448822
14,42,meme_014608,RUSSIA RUSSIAN SHITTY PROPAGANDA ME,0.9875991702079772,0.9375081062316895
14,42,meme_012243,dont wory guys PUTIN :l have a plan PUTIN has left the game. PUTIN,0.9724720418453217,0.9346457719802856
14,42,meme_007066,CALL PUTIN KILLPUTIN,0.9815074602762858,0.9327727556228638
14,42,meme_009234,POLES AND UKRAINIANS NORMALLY POLES AND UKRAINIANS WHEN SOME SPACE JUNKIE INSULTS SIKORSKI imgfli,0.9828949719667436,0.9326281547546387
14,42,meme_007586,UKRAINE WESTERN WEAPONS UKRAINIAN WEAPONS,0.9945173859596252,0.9313627481460571
14,42,meme_013064,"DON'T SHOOT, 'M TACO PROVE IT PUTIN GETS TWO MORE WEEKS, POOOOOK POK POK POK",0.9547701120376588,0.9310890436172485
14,42,meme_007690,WHO WOULD WIN? RUSSIAN UKRAINIAN ARMED FORCES MUDDY BOI,0.9735345906681484,0.9310846924781799
14,42,meme_012057,UKRAINE GEORGIA SYRIA *KNOCK KNOCK* SYRIA CHECHNY IDINAHUI!,0.9820727705955504,0.9307754039764404
15,38,meme_014392,"Stop sending weapons to Ukraine. Russia only knows how to fight with unarmed people. As you can see, they succeeded in Chechnya, Georgia and Syria. Trust us, we don't support Russia, we support peace. RUSSIASSUPPORTERS memesforces",0.9861418306827544,0.956002950668335
15,38,meme_011122,"will destroy Ukraine, why - and take don't you you want all land. your la peace? Make with peace Russia!",0.9597775205969812,0.9549694657325745
15,38,meme_012708,Stop supporting Ukraine You're only prolonging the war It's not fair Deal with your own problems first Waaaaaaahhh,0.9814251491001674,0.95404052734375
15,38,meme_012888,END THE UKRAINE WAR BY HELPING UKRAINE WIN END THE UKRAINE WAR BY HELPING RUSSIA WIN,0.9916196316480635,0.9514286518096924
15,38,meme_015568,"Isupport Ukraine But Peter, thousands of russian soldiers will die lalready support Ukraine, you don't have to sell it to me",0.9514165937900544,0.9475920796394348
15,38,meme_015864,Have no mercy. Ukraine will be ours. Do what you want. I don't know how I got here. It was supposed to be a military exercise. I didn't do anything. Slava Ukraini!,0.9797027002681384,0.9459072351455688
15,38,meme_011833,"Russia Nooooo, Russia just We want wants to take wants to defend itself to take over Ukraine against aggressive NATO over Ukraine and destroy the and neo-Nazi Ukrainians. and destroy Ukrainian nation. They don't want to take over the Ukrainian Russians treat Ukraine. Ukrainians aren't in nation. We treat Ukrainians as danger. Russia has never Ukrainians as inferior people attacked anyone first inferior people",0.9875747760136924,0.9456456899642944
15,38,meme_011335,I want Russia to end Be honest. the war withUkraine What? I want a Why do you really just and lasting peace! want the war to end? I just want Danke. cheap Russian gas.,0.96950523853302,0.9416219592094421
15,38,meme_009452,"X russians kill, torture, rape, forcibly deport ukrainians to russia, destroy and loot their homes i sleep ukrainians say they hate russians real shit?",0.9466457843780518,0.9405368566513062
15,38,meme_011491,"Huh, what is it? Interesting topic, I'Il take a look quickly... History of Ukraine History of Ukraine russia will pay for everything... History of Ukraine",0.9834860116243362,0.9399188756942749
16,22,meme_011048,"Russia threatens Ukraine to drag Transnistria into the war RUSSIAN EXPECTATION REAL U UKRAINIAN OF UKRAINIAN REACTION REACTION Please don't do this, How much I'm so scared. longer to wait?",0.9809836745262146,0.9397984743118286
16,22,meme_013062,"You are a Russian ""peacemaker"" in Transnistria EXPECTATION We will join forces with the rest of the Russian soldiers from the Crimea and take Odesa in a day REALITY We need a fucking order",0.9857989013195038,0.9389925003051758
16,22,meme_012369,"Let's talk about the possibility of sending our troops to Ükraine. I'm so scared, bro. Macron two Macron years ago now",0.9863361716270448,0.9388776421546936
16,22,meme_014587,r/YUROP 6h ... Mr. Modi goes to Kyiv PLEASE STOP BURNING MY OIL NO,0.9521625638008118,0.9386460781097412
16,22,meme_008146,What does Ukraine e want? 4236 What does Russia want? McDonald's TM,0.9644294447369046,0.935828685760498
16,22,meme_014826,"Me and the boys are going to take over Ukraine! 300 days later... Get up boys, we haven't even started yet.",0.9827899800406562,0.9354140758514404
16,22,meme_011404,Juicy Tolkien memes Ukraine stands alone. Not alone. Foreign volunteer forces! E Slava Ukraini!,0.9380034506320952,0.934506893157959
16,22,meme_012031,"Putin, 23 of February: Can we not have peace? Putin, 24 lof February: TO WAR!!!!",0.976864749735052,0.9339798092842102
16,22,meme_009996,1994 Western OK. We don't want politicians war. Give Russia all your nuclear weapons. 2008 Western politicians We don't want OK. war. We won't take you to NATO. Now Western WTF? politicians We can't understand why the war happened.,0.9876680612564088,0.9311238527297974
16,22,meme_009464,"Russians of all We can countries, unite! repeat! Eastern Europe belongs to Russia! Fuck Western values! Moscow is the third Rome! Alaska also belongs to Russia! Hey liberal, fuck you! If you don't support Russia, then you Glory to Russia! are a Neo-Nazi! Okay, buddy! Nooooo! It's time to How dare you! return to Wait, this isn't fair. Russia. Deportation I didn't do anything. department My life is ruined! Please, don't do this! Glory to your country! UMF",0.9848740175366402,0.9292309284210205
17,22,meme_007112,"rappic плаче, а трамп скаче, CBIT офігиває. буде писля цього, a що TO HIXTO ne 3Hae GONI",0.8795444690264188,0.9466440677642822
17,22,meme_011361,"Я ТЕЖ X0ЧУ нисати родичам 3 POCЙ «ЧТ0 C Ебалом?», anE B MEHE їХ HEMaE",0.7613230605920156,0.9457136392593384
17,22,meme_012104,Видверто кажучи далекувато B це забайкалля їхать...Наступного буду pa3y шукать ближче щось до МОСКВИ,0.8333919962247213,0.9429354667663574
17,22,meme_008740,"КолийдебитвапидКорсунем, алетерминовотреба податибчс, кількістьнаявнихшаблюк списив, рушниць, пистолив та гармат боадмінкавжезакривасться",0.9149634599685668,0.9391863942146301
17,22,meme_010933,"Мьи то отсосем в Торопце и сплюнем, но хохльиы еще долго с кратера от нашего сарамата усськатся будут dbmua CAPMAT CbiTA",0.9124037971099218,0.9379884004592896
17,22,meme_013670,"не можна бомбити росию, a uHaс вiйнa пукин розсердитися i ще цини на нафту зростуть, а в нас вибори вий так ми не дамо збpою не дасте а ми своєю мине дамо запускай бобра ще бильше ПОНП3",0.8536468664805095,0.9379785060882568
17,22,meme_013180,"Цей ликар офтальмолог нарешті розгледів russkiй mip, але HIXTO BiTae Його.. чомусь ne",0.8325776244912829,0.937741756439209
17,22,meme_009262,"Краснодар, приймай естафету R пишаюсь Кримом 3a відмову вiд пального",0.8135642608006796,0.9372309446334839
17,22,meme_011957,ето не я HіXтO: квадратна ракета в луганську: Translate Tweet блять ШО БN TYT розслабились,0.853586220741272,0.936825156211853
17,22,meme_012729,Я: РОЗПОВИДАЮ ПРО повитРяна СВОЇПЛАНИ НА ДЕНЬ тривога BIДCYТHE CBITΛO,0.7513260841369629,0.9365420341491699
18,60,meme_008263,ЙОБАНА БЛЯТЬ PYCHA треба задонатити Ha 3Cy,0.842517614364624,0.9503384828567505
18,60,meme_010506,Х-ЛО ОБІСРАЛОСЬ 3 ТPYMП КУПЯНСЬКОМ,0.8677527159452438,0.9502947330474854
18,60,meme_010307,P6 процишин офцииний,0.887502133846283,0.9473404884338379
18,60,meme_014524,S 2-5 Осмотр Ебала 00 pycHя,0.7940111060937246,0.9468532800674438
18,60,meme_015478,250N00 A 101 ЯРОССИ Pb процишин офіцийний,0.8071388389383044,0.9431852102279663
18,60,meme_008049,"HATO, Tε6ε нивидать €TIx сакровищ",0.8067958235740662,0.94279944896698
18,60,meme_009680,PОИНА СВОИХНЕ БРОСАЕТ P6,0.7291093319654465,0.94162917137146
18,60,meme_008028,PycHя Харош вже ne лізе. 7,0.7037194023529688,0.9413290023803711
18,60,meme_015202,"Осгіліат впав,милорде Д5P EPWA ПРИВАТНА MЕMAPHA",0.7385890483856201,0.9404416680335999
18,60,meme_007408,2 ТВОЄ ЄБАЛО ПИСЛЯТРЬОХ РОКИВ ДВІЖУХИ,0.7104474231600761,0.9403287172317505
19,38,meme_000867,"HAP9SUΛAC6 KAK ДEBОЧКИ,Я ТУТВ ОДНОЙ ПРОСТИТУТКА КНИЖKЕ ПРОУИТАЛА: AΓA, ""BEΛИKUE YM6 06CYXAAЮT ПОWMA W1OXА HA PAБOTY NEN,CPEAHUEYMb 06CYXAA10T CO661TU9, MEΛKИE YM6106CYX- FADT 1OAE Я C4UTAO,4ТD OФEBAT6C9 КАК ПРОСТИТУТКА 1710XA9 nsG9! HAP9SUNAC6 KAK WOXA-TOXCGMHE CO66ITME!",0.6032138074699201,0.9498995542526245
19,38,meme_007464,КОГДАПРАВИТЕЛЬСТВОВКЛЮЧИЛОСВЯЗЬНА 2МИНУТЫДЛЯВЫМАЛИВАНИЯУХОХЛОВНЕ ЕБАШИТЬПОПАРАДУПОБЕДЫНАДХОХЛАМИ ИТЫУСПЕЛ ПОСМОТРЕТЬВИДЕОСВЕТОВАПРО ДАВЛЕНИЕНАСВОБОДУСЛОВАВЕВРОПЕ,0.979421854019165,0.9475532174110413
19,38,meme_000658,"FROGUE WEDNESDAY 27/12/2022 DUDES 3AKYCKИ НАСТОЛ HOBOCPEДOBbЕ ДЕЛИКАТЕСЫ ИЗСТРЕКОЗ ДЕД ЧЮВАК ЧТО ПОЛУЧАТ ТЕ,КТО ВЕЛСЕБЯ СРЕДОВО?",0.8991551490930411,0.9415823817253113
19,38,meme_012915,"KATEP “ИВАНОВЕЦЬ ПОРУЧ ИЗ КРЕЙСЕРОМ “МОСКВА"" НЕ СТОЯВ 954 net ЗАТЕ ТЕПЕР НА ДНИ ЛЕЖАТЬ PA3OM HKANOBEIE MOCKGA",0.8660831680664649,0.9394468665122986
19,38,meme_000380,AKAΔEMHЯ HAYK Y3EEKCKOR CCP ОТЛЕЛЕНИВ КИОДОТИЧЕСКИК НАР ГАРРИ ПОТТЕР μ ХИЩНЫЕ ГРИБЫ УЗБЕКИСТАНА (6O000S-EOEAHMKA1 OEPAT dyu2pud?,0.6645851706465086,0.9390801191329956
19,38,meme_015569,"CMC СООБЩЕНИЯ CMC СООБЩЕНИЯ CMC СООБЩЕНИЯ B КУПЯНСКЕ BCYШHИKИ ЕБУТ HAC B ХВОСТ И B ГРИВУ, A Bbl ФОВОРИТЕ ЧТО ФОПОД BECb НАШ.: ЗАЧЁМ BPETE? A2025 ИТОПИ ГОДА 2025 ИТОГИГОДА Оперативнийінформ",0.8888446462565455,0.9359078407287598
19,38,meme_013090,1R nN ХТИВКИ НАБИРАЮТЬ 1К ЛАЙКИВ IDD 3А 3 ХВИЛИНИ adbmua ПОДИВИМОСЬ СКИЛЬКИ НАБЕРЕ ЦЕЙ НАПИВОГОЛЕНИЙ КАСЕТНИЙ СНАРЯД,0.7867180786349557,0.9345484375953674
19,38,meme_006062,хочу денег... UYYA CEИY xεee8eε2000 2202000 D0 Z Ac088C2000 OODK Aεee8eε2000 04 DYAEHRDBEDDOUU 10 C 5O1 MR 2AYO N NANE2DEPNBCT Aεee8eε2000,0.4377076588571071,0.9340417981147766
19,38,meme_005862,Я: МОЖНО КОНЧУТЕБЕ НАЛИЦО? ДЕВУШКА: ТОЛЬКО НА ВОЛОСЫ НЕПОПАДИ Я: BRYAN SANTDN RYAKCANEZON ricketeer WinmAu RKE O 20 96465,0.7846509196928569,0.9319318532943726
19,38,meme_014754,STORM SHADOW НЕ ЗАКІНЧАТЬСЯ BPM 2-15510 HIKOЛИ 142 385714,0.6939711736308204,0.9309009909629822
20,26,meme_010743,ПОЛЕТЕЛИ KO MHE ЯБОЮСЬ HA КРЫШУ HECCb! У МЕНЯ TAM ПВО CТOИТ,0.8698221228339456,0.9559075832366943
20,26,meme_000574,"KAKOÜ НИЧЕГО ЕГО, ПРЕКРАСНЫЙ НАХУЙ,АЕНЬ 6ЛЯТЬ,НЕ МОЖЕТ ИСПОПТИТЬ В3ГЛЯНИ KAК ЖЕ, НА ЭТИ бляТь, ЕБYЧИЕ ЦВЕТЫ Я ДОВОЛЕН *U3HbIO",0.7315711470750662,0.943455696105957
20,26,meme_000032,ОЙ ПОДГОРЕЛ HEMHOГO ПОТОМУЧ ЧТОТЫ ПОЗДНОВ ВЫТАЩИЛА? ЭТОБ БАТЯ ТВОЙ ПОЗДНО ВЫТАЩИЛ ЭТОДЕД МОЙ ПОЗДНО ВЫТАЩИЛ,0.8931791745126247,0.9415479302406311
20,26,meme_008160,"nYTIH Х*ЙЛО ЗДОХНИ ПАДЛО ВЧОРА! ХОЧЕШ ПЛЮНУТИ, ПЛЮНЬ ХОЧЕШ ДЗЮРИТИ, ДЗЮРЬ СЮДИ !! 2",0.8587073257991246,0.9393364787101746
20,26,meme_001802,"ХОРОШО,АТЕПЕРЬ ПРИПАРКУЙСЯ ВОТ ЗДЕСЬ HOTYTЖE HEJIЬ3Я АСЕЙЧАС, СЫНОК,Я ПОКАЖУ ТЕБЕ КНОПКУ ВСЕМОГУЩЕСТВА",0.8908043384552002,0.9379459619522095
20,26,meme_003572,"СОРИ, НЕМОГУВЕРНУТЬ ТЕБЕЗООРУБЛЕЙ,Я 1 СЕЙЧАСВИСПАНИЮ ОТДЫХАТЬПОЕДУ.САМ ПОНИМАЕШЬ, КАЖДАЯ КОПЕЙКАНАСЧЕТУ",0.8298023215362004,0.9371781945228577
20,26,meme_014816,HИKTO HE СПРЯЧЕТСЯ OT ДВИЖУХИ. POССИЯ ВЕЧНАЯ ПАМЯТЬ U ПАМЯТК 14 ВЕЧНАЯ,0.6945342322190603,0.9359490871429443
20,26,meme_000648,ПРОСТО ХОТЕЛ BAM СКАЗАТЬ: И3 ВАШЕЙ РАЙ ГРУППЫ B ПОПАДЁТ HE HИKTO!,0.9065214643875756,0.9358848929405212
20,26,meme_004808,"КАЖДОЕ УТРО СТОНЫ И КРИКИ ВОТ КАБЕЛИНА ВЫРОС A-A-A, OX-OX ВОТ СПИНУ ПРИХВАТИЛО А-А-А-А, Я ЩА ПОДОХНУ 0-0-0-0x",0.9224569286618914,0.9358164668083191
20,26,meme_001451,РЕШИЛ HA ХЭЛЛУИН СДЕЛАТЬ КОСТЮМ СВОЕГО ПАПЫ. Я ДУМАЮ ИДЕАЛЬНО поЛучИЛоСЬ,0.9177470670806036,0.9346729516983032
21,29,meme_004131,HАКУПУЛ TE6E И3H4A ЧТОБЫ ТЫ ОТ МЕНЯ 5b1ΛA.. БИ30MA,0.6397171219189962,0.9559375643730164
21,29,meme_005383,KAK ЖE ЗАЕБАЛО ПИЗДЮХАТЬ B TEMHOM МОРДОРЕ ПО ПYТИ B ДОЛБИЛЬНЮ БСТАЛ ТЕМЕНЬ ИДЕШЬ C РАБОТЫ ТЕМЕНЬ ЕБАНЫЙ BPOT БЛЯДЬ,0.9005847692489624,0.9542475938796997
21,29,meme_012777,П 1 у T 2 IПH 3 4 L 0 5 Ик 6 L 0 1 П 7 D 0 P 8,0.675866877490824,0.9466562867164612
21,29,meme_008021,ОДИНА-МАТ ЗОBЕТ! QPN Gh BA CEYFO,0.5760360856850942,0.9462140202522278
21,29,meme_004106,Moum 9PY3b9M! СПOCОБО BAC ЧТО HET,0.7561068336168925,0.9428772926330566
21,29,meme_012722,ACBA- TPYXA БАДИ- ТЕЛЬ Тb HE ДАЛ ИHСТРУКЦИЮ KAK ПОЛУЧИТЬ ЛАДУ,0.905466003851457,0.9407699108123779
21,29,meme_002013,"POCCИЯ POCCИЯ OMO ЮMОP ПАДМЕ HET, HAXPEHA MHE КРУГОМ БРАГИ ДВЕ НОГИ? POCCИЯ POCCИЯ HM , ОТРУБИ МНЕ ОБЕ, ОБИ-ВАН КЕНОБИ!",0.7592121753841639,0.9406765103340149
21,29,meme_013151,ВОСИМЬ ЛЕТ!!! 3] BOC ] BОСИМЬЛЕТ!!!! BOCИMbЛЕТ J] BOCИМb ЬЛЕТ!!!! BOСИМbЛЕТ ]] BOСИМЬЛЕТ!!! 1] BOСИМЬЛЕТ!! ОСИМЬЛЕ,0.656728196144104,0.9406448602676392
21,29,meme_001091,23 ЭТО этоHе S6 Tо3Kе 7 ue2lova 36omk T Для Получение Груза Нажмите на звонок ЭТО ЗB0HOK 3BOHUTE 3BOHOK,0.6796125599316188,0.9401362538337708
21,29,meme_007723,42 da K Ca 4 4 Gia 30 1 Rb 37 Sr D 5 A C's 55 Ba Ш Au 20 Dry Fr 87 Ra 0 Cp 21 недолжно ебанет,0.741907908070472,0.9400268793106079
22,51,meme_011706,YKPAIHC6КAЙ ПіКСЕЛЬ Ро3ЛоЕHА BуwуBаHка,0.5332373008131981,0.9576582908630371
22,51,meme_005636,HeXOчY Hи4eго N3EΛAT6,0.5062389075756073,0.9513996243476868
22,51,meme_013787,TeInternational ЧБК Bа agner мУжик Козел Петух Блатной шестьорка,0.8074715998437669,0.9505166411399841
22,51,meme_001019,5G TNTEA ГИММЛЕА ГЕББЕЛЫ PWHT A,0.5360330988963445,0.9502214193344116
22,51,meme_006740,ДО-РЕ-МI ФА-СОЛЬ ЛЯ-СI CBIT ПРЕКРАСНИЙ BE3 PYCHI,0.8610728681087494,0.9491597414016724
22,51,meme_008342,KA3A PMA ХCТАH 3,0.680382277816534,0.9483926892280579
22,51,meme_008822,ПОЛУНИЦЯ CYHИЦЯ ШИПШИНА ЛОХИНА,0.8581616580486298,0.9479416608810425
22,51,meme_010318,KYPCK ГОРОНВОНСКОИ CAABD,0.6515833735466003,0.9469414949417114
22,51,meme_003450,CAXAP 365 raian ФОСИНГ галина корнеплодова,0.8524523377418518,0.9456956386566162
22,51,meme_015947,3CY Rlg ЗАЛУЖНИЯ 36P0UH1C 1КAНM,0.6257433861494064,0.9447581768035889
23,29,meme_013095,"росиянці: погасили, відремон- тували та запустили афипський нпз, який був атакований на початку мисяця украйнськи далекобійні дрони: INOS -ХОЧЕТЕ ПРІКОЛ?",0.9266031682491302,0.9441441297531128
23,29,meme_010855,росіянці: оприлюднюють відео удару дроном по автивках оон у херсони голова місії оон на херсонщині: GONI Hi ЖМЯК ШМЯК МИ 3HaCMO чий 6yB це дрон,0.8490557670593262,0.9420716762542725
23,29,meme_012009,"Поляк, коли над його територією литають росийські ракети Поляк, коли на його територію заїжджає украйнське 3epHo",0.92967426776886,0.9417227506637573
23,29,meme_008483,"Украйнський оператор БПЛА дивиться, як росіяни б'ються в черзі за «Євро-2»",0.9475407799084982,0.9388428330421448
23,29,meme_007158,"росиянці: писля майже тижня надзусиль,нарешти погасили пожежу в порту усть-луга 3cy: INOP -ХОЧЕТЕ ПРІКОЛ?",0.8789796431859335,0.9378142952919006
23,29,meme_010265,Будь який приліт на хуєросії: Украйнці десь: «Музику голосніше!» 0,0.742270952090621,0.9364050626754761
23,29,meme_011626,"Билорусь заявила про високу ймовірність збройної провокації з боку України курщина: aHi HE правацируют, aHi сразу заходят! INC",0.8390179845419797,0.9358029961585999
23,29,meme_008673,Міністр оборони Польщі заявив про надзвичайно важку ніч ДЛЯ польської ППО. Украйнська ППО Польська ППО Не сильно зайбався?,0.8957588851451874,0.9319689273834229
23,29,meme_012401,"Фотодоказ: російска армія на прохання європейців добровільно відходить від Києва... х-ло всерйоз заявило, що відвело війська від Кисва на прохання европейцив",0.8638752773404121,0.9304038286209106
23,29,meme_007249,"Українці, коли обговорюють політику Украйнці коли Трамп наїхав на державу та президента",0.9163935581843058,0.9297065734863281
24,20,meme_014652,СПОВИЩЕННЯ ДСНС моя i так нестабильна нсихiка,0.8586774071057638,0.9463024139404297
24,20,meme_000034,ЭЭЭ maga доблаёб ти нахуя побрилься ты чо скинхэд,0.8667762726545334,0.9453108906745911
24,20,meme_005946,дантист ебаный потому нuздamеде нехуй было umo пушкинатрогать,0.7480063488086065,0.9445057511329651
24,20,meme_009503,втома депресия вигоряння шахеди Я,0.8192568063735962,0.9431236982345581
24,20,meme_015847,FYP СБУ будмласка не стриляйте по расiї,0.7758792519569397,0.943083643913269
24,20,meme_007302,"МОЯ русофобия Я ого, як ти вимахала",0.7983593046665192,0.9428222179412842
24,20,meme_010649,"Нобеливська Дозвил бошиТь премия р**ню тупо всим, що net",0.8599410227366856,0.9415211081504822
24,20,meme_006815,напозоривсяі СПИТЬ den_ mrp ВИЗЬМЕM U,0.6796190083026886,0.9406048655509949
24,20,meme_009788,"Я, їм літій, щоб пендосам ne дисталось",0.8634247779846191,0.9394165277481079
24,20,meme_003777,а еще уменя канал в телеге есть KAK НЕ MЫ ЗAEБAЛ,0.8460570772488912,0.9356229305267334
25,32,meme_010995,украйнці СБУ росиянське пидводне видро TUX,0.8276519051619938,0.9578357934951782
25,32,meme_009684,МОСКОВСЬКА ППО 00 Cew УКРАЇНСЬКИ ДРОНИ MOCKBA,0.7579793334007263,0.9575121402740479
25,32,meme_006799,УКРАЇНЦІ 4BK BAГНEP АPMИA POCIЇ,0.6485464572906494,0.9557205438613892
25,32,meme_013675,ЗВИЧАЙНИЙ УКРАЇНСЬКИЙ KIT OLEXIY PYITOV,0.9455579280853272,0.9523805975914001
25,32,meme_015290,HIMARS JAVELIN Українці розташування роснявих складив,0.9908834298451742,0.9485070705413818
25,32,meme_009133,GCNI 2XOO9 украйнці нафтобаза в феодосії,0.8367428183555603,0.9457060098648071
25,32,meme_010084,Поверніть 3HaK Ha місце XАРКИВСЬКА ОБЛАСТЬ m CWA,0.7818610705435276,0.9429433345794678
25,32,meme_009085,ACHC КИЇВЩИНИ 3АВОД ДАЛЬНОБОЙНЫХ ДРОНОВ В БЕЛОЦ ЦЕРКВИ,0.8261558498655047,0.9396178722381592
25,32,meme_015822,38 HP3B Краснодарському краї,0.9117138504981994,0.9392330646514893
25,32,meme_009712,УКРАЇНЕЦЬ 3PAHKY 33 DOWNTOUN ИДЕ НАРОБОТУ,0.9406964302062988,0.9379297494888306
26,25,meme_011680,СЕРЖАНТАКУЛЕНКО НАГАДУС JYГАHCbК ОНЕIЬК ЩОЦЕНЕЕ ВОЄННИЙЗЛОЧИН ЯКЩОЖЕРТВАМИ 1БУЛИРОСИЯНИ,0.8199954479932785,0.9518716931343079
26,25,meme_014990,"UDplg ДНИПРО,ЛЬВВ TA 5ИЛА ЦЕРКВА ДИВЛЯТЬСЯ HA IHWI MICTA В ЯКИ HE ПРИЛТАВ АРЕШНІК",0.8294541491911962,0.9469928741455078
26,25,meme_006632,"HAIFFIGHT YOU'LNFOR Українці,коливзахидняцькому шутері дрониз вибухівкою незбалансованітабез ОПТОВОЛОКОННОГО кабелю",0.9088766053318976,0.9440748691558838
26,25,meme_007697,AKE ВИДРИЗНИТИ УКРАЇНСЬКИЙ TAHK BID РОСИЙСЬКОГО? ЕЛЕМЕНТАРНО!,0.8789755900700887,0.9427852630615234
26,25,meme_013111,"ППО ВКОТРЕ УСПИШНО ДОБРИЙ РАНОК, ЗАХИСТИЛА РОСИЮ ВИД ЦЕ ЗНОВУ УКРАЇНСЬКІ ДРОНИ РОСИЙСЬКИХ СКЛАДИВ net HY MEHI НРАВИЦЯ, RK BOHO ФОПИТЬ",0.9127651177919828,0.942530632019043
26,25,meme_010163,"ГНАЛИМЫ ФАШИСТАНА ЗАПАД, С МОЕЙ УКРАИНЫ TAK OH 2014CB0CTOKA ПРИПЕРСЯ",0.9220470786094666,0.9387348890304565
26,25,meme_014109,"y МИРНОМУ ПЛАНИ CWA ВИЯВИЛИ ФОРМУЛЮВАННЯ, СПЕРШУ HАПИCАHI РОСИЙСЬКОЮ",0.8480261981487274,0.9386611580848694
26,25,meme_008397,дHa na Один род: CYДЖA - 3 ПОВЕРНЕННЯМ УКРАЇНА ЦЕ РIДНУ ГАВАНЬ! B,0.7789569382484143,0.93860924243927
26,25,meme_008252,"кидай КУРИТИ, БО В УКРАЇНЦЯ HE МОЖЕ БУТИ ЗАЛЕЖНОСТИ ТИЛЬКИ НЕзАлЕжНисТЬ",0.8661046028137207,0.9370920062065125
26,25,meme_007959,ТРИВОГА E 2 8 BTOMA CTPAX новe звернення Фонови Миколайвськой ОДА Виталия Kima,0.6642641883630019,0.935709536075592
27,56,meme_008441,"-Карлсон,я тут поміркував! 3 те бе мас вийтинеху** РV дрон. H",0.6376237471898397,0.9446715712547302
27,56,meme_010494,"єсlі i би ми cami сбилі HE нашу cywky, GONI 6й йєйо сбилі net салдати Hata!",0.795577863852183,0.942609429359436
27,56,meme_015806,Кіeв за трі дня віжу! I все цели сво Чьо відішь? достігнути!,0.9351308345794678,0.9417769312858582
27,56,meme_011643,"Мешканці Tyance, спалить cami вже Ti нафтобази залишки - ne морочте HaM голову",0.8335624910317935,0.9406630396842957
27,56,meme_009698,ось. дивться чого я ДОСЯГ НА АЛЯСЦ!! РЕШТА СВИТУ ТРАМП ТАК ЦЕ Ж НІХУЯ!,0.8814789652824402,0.9388715028762817
27,56,meme_013599,"Мобилизуйся 3HOB нарешті, НАЖЕРЛОСЯ єблан Жалюгидно! Так i не в'єбали ПO нараду в мацкве!",0.8461805164813996,0.9387863874435425
27,56,meme_009514,"- нііі перестаньте стріляти по російських нпз! це призведе до xaхa, зростання цін та дрончик робить ескалаці! вжжжжііуууу",0.9123810827732086,0.9362682700157166
27,56,meme_011211,"їбало ФСБшніка КОЛИ Украйнську ВИВЧИВ мову,а ПО перехватах Закарпатська",0.90439535677433,0.9361589550971985
27,56,meme_014530,"- пане Залужний, а як так вийшло,що за вчорашний день хорошимирускими стало 950 тіл? так на годину довше день 6yB GONI",0.9347831540637546,0.9361053705215454
27,56,meme_013748,коли задонатив на бус для військових ПОТИМ тебе a запхалив ТЦКшники diogen_909 НЬОГО,0.8754800293180678,0.9340388178825378
28,21,meme_009304,Щось Феодосїї Tam B третий ніяк день ne обрати можуть напу,0.8846258074045181,0.9486552476882935
28,21,meme_012912,"КОЛИ заліз B помиральну яму, a BoHa виявилась ще нічо Tak",0.8236262977123261,0.9474804997444153
28,21,meme_015069,NC КОЛИ наслухався родона чекаєш Ha сьогоднІшне війни завершення,0.8034928172826767,0.9451475739479065
28,21,meme_015934,"Коли пройшла цила хвилина нового року, a путін досі ne номер",0.8464488585789999,0.9418290257453918
28,21,meme_014000,"коли прокинувся, а на росії ничого не горить",0.9473052620887756,0.9414730668067932
28,21,meme_013514,"Коли дізналися,що цій B хати не роблять дрони.",0.9555623531341552,0.939968466758728
28,21,meme_010591,INO нічної ЗМіНи начальник феодосійської нафтобази іде зміну здававати,0.7803625851869583,0.9386453628540039
28,21,meme_013616,Дид пойхав грати в гольф ede Можна на сьогодни видихнути,0.8764656782150269,0.9369326829910278
28,21,meme_013038,"дирекция вайлдбериз, ТИХ ЩО ще ЛИШИЛИСЯ, питають B працивникив ЧИ вийдуть ВОНИ B нічну зMіну СЬОГОДНИ INO",0.8440561774704192,0.9357390999794006
28,21,meme_014442,"работники воронежского вайлберриз, коли зрозуміли, роботу сьогодні Що nap мойжна нейти GONI",0.8483805126614041,0.935410737991333
29,20,meme_013378,штольц: приздить В Київ ЗЧТ TA мацкали: штовчемаданеблять? INO,0.7932732701301575,0.952973484992981
29,20,meme_012303,"3ЕЛЕНСКИЙ ачётамс pycckими? каккрусским относитесь, а? акакже nyшкин?",0.8017216324806213,0.952284574508667
29,20,meme_014599,cywka впалана іркутськ щоце за неймовирна кpаса? GCNI,0.8484022191592625,0.9516656994819641
29,20,meme_007773,вадим вадимыч dо уои wапt договорнячок? сoвал? да cyyyyka трампыня ебаный нахуй тытакжоска тролиш,0.8598440736532211,0.9501121640205383
29,20,meme_007776,He рухайте HP3 Севастополь? 6ym Рівняйте з землею ласка,0.8897514683859689,0.9485142230987549
29,20,meme_009617,"Рускоeпво пробує сказать Паляниця Kyme, що це!?",0.8558904925982157,0.9473432302474976
29,20,meme_007458,Що 3 ИИНЖΛ ΕБАЛОМ У РУСНИ? TOM 1,0.7031987547874451,0.946648895740509
29,20,meme_011944,"Це і була ""потужна"" Трампа? заява Sasha Mor I""потужні"" санкції?",0.9609283010164896,0.9396489858627319
29,20,meme_012376,весь свит зараз 1 українські підприємці кому шовкову наволочку???,0.7652885392308235,0.938889741897583
29,20,meme_009542,ПРОМЕТЕЙ ДАРУЄ ВОГОНЬ УКРАЇНЦЯМ Авоно на 300 км б'є?,0.8381628394126892,0.9373287558555603
30,70,meme_009582,"Орки, шо с еблом?",0.8966712951660156,0.9522742033004761
30,70,meme_013094,ШО ви там? -нормально вce,0.7508154958486557,0.9486749768257141
30,70,meme_009640,ШАДУШКУ?,0.9928843379020692,0.9475717544555664
30,70,meme_015629,"ШАЙҐУ, ҐЕРАСІМОВ ҐДЕ Я?",0.7845371961593628,0.9467071294784546
30,70,meme_008493,ДНО пробито? кажется да!,0.9248052090406418,0.9464547634124756
30,70,meme_014349,НА БЕКАХ ПОПРАЦЮЄШ?,0.9857303500175476,0.9449180960655212
30,70,meme_000742,ЧЁ ЗА ПОРОДА ПЁСИЛЯ?,0.9341928362846376,0.9447182416915894
30,70,meme_005965,чо не спшш?,0.9543201327323914,0.9431653022766113
30,70,meme_003670,y Bac есть Bpaги? y Hac есть цемент,0.8102759122848511,0.9427531361579895
30,70,meme_011228,- Альо! Бог! А шо у меня с єбалом?,0.923893541097641,0.9426918029785156
31,80,meme_003992,"моё психическое состояние мои попытки сделать вид, что все ок",0.944077417254448,0.9468389749526978
31,80,meme_002946,"вставать в 6 утра и хуярить НАРАБОТУ это тебе, мое солнышко",0.903915512561798,0.939439594745636
31,80,meme_004044,К такому меня моя жизнь не готовила 8IQ =u7d,0.8001181036233902,0.938479483127594
31,80,meme_006248,какжехочется просто бросить все. и начать развивать феpму свою веселую,0.8469919860363007,0.9370566010475159
31,80,meme_006120,ЧЕМ Я ЗАНИМАЮСЬ В ДУШЕ Мою голову Мою тело Бреюсь Думаю о жизни,0.9641969680786132,0.9355722665786743
31,80,meme_006456,прочитаю сообщениечерез уведомления и не буду отвечать несколько часов,0.95938911040624,0.9352259635925293
31,80,meme_000260,я не одинока со мной. мои проблемы,0.9503858685493468,0.9349918365478516
31,80,meme_001460,"И случайно Принимаешь себе сливаешь с себя душ... положительную карму ПОТЕРЯН ДЛЯ ОБЩЕСТВА НАВСЕГДА Блин, да я же...",0.9827909403377108,0.9347438812255859
31,80,meme_000377,Я: ПРОСЫПАЮСЬ МОЙ ЧЛЕН: я проснулся,0.93735800186793,0.9346535205841064
31,80,meme_003329,"Я весь день: как же хочется спать, приду домой и сразу вырублюсь Я в час ночи:",0.9547562201817832,0.9343917369842529
32,30,meme_008507,"Sasha Mor Коли розумієш, що гроза.. але, все одно ППО ЗСУ! дякуєш",0.935438198702676,0.9602678418159485
32,30,meme_008391,"Sasha Mor Я намагаюсь зрозумити по мемах, що відбувається в світі, тому що не читаю новин...",0.9707773625850676,0.954295814037323
32,30,meme_012185,Sasha Mor Христос народжується! Дякую! MeHвже доповили!,0.9228779247828892,0.952672004699707
32,30,meme_008814,"Коханий, умене затримка..! Sasha Mor що?! Відеднай магазин, постукай їм по касці, пару разив взведи затвор!",0.9383521165166584,0.9511810541152954
32,30,meme_010973,"Sasha Mor Після останніх новин передивлюсь якийсь фільм жахів, щоб якось відпочити і заспокоїтись",0.9618747353553772,0.9484517574310303
32,30,meme_013763,"Нудно Давай пограємо Sasha Mor Минусуємо В ""Линію хробачу т техніку! А у що? Дронив"" Скид!",0.9094959605823864,0.9476831555366516
32,30,meme_008903,"Пам'ятаю часи, коли можна було лягти спати ще миністром оборони, a прокинутись вже министром енергетики Мамо, не наливайте більше діду, бо він знову несе якусь куйню Sasha Mor",0.9527030686537424,0.9445645809173584
32,30,meme_010797,"Ви бронь масте? Маю Для чоГо Я сказав Не маю. що маю, R Ж A ДЛЯ ЧОГО він спитав?! Sasha Mor",0.7749706413596869,0.9442257285118103
32,30,meme_015485,"Пам'ятаю часи, коли електроенергию подавали без всяких графіків i черг ""відключення-підключення"" Sasha Mor Мамо, несить пигулки! Дид знову несе куйню!",0.9311415808541434,0.9440239071846008
32,30,meme_015781,Хочеться кави... Sasha Mor і якоїсь масової трагедії на росії,0.9649572521448136,0.9416037797927856
33,102,meme_002520,"Когда ты студент меда и всего лишь задремал на паре, а на тебе уже собираются демонстрировать вскрытие",0.9798978716135024,0.9503409266471863
33,102,meme_006452,"Когда зачесалась голова, а у тебя руки в маринаде от шашлыка",0.9794989824295044,0.946231484413147
33,102,meme_007874,"Я буду рядом, пока ЭТОТ кошмар Да из-за тебя ВСЯ ne закончится хуйня И происходит",0.8450835446516672,0.9443709850311279
33,102,meme_005279,"Я: *Встаю,чтобы потянуться* Все остальные в окопе:",0.9708685278892516,0.9428245425224304
33,102,meme_003861,Я: *знакомлю девушку со своей семьёй* Моя жена:,0.9696159958839417,0.9422628879547119
33,102,meme_004314,"Когда первоклассник сказал тебе здравствуйте Ребята,яумираю",0.9768973787625632,0.9415525197982788
33,102,meme_005864,Когда четыре года не платишь алименты и случайно встречаешь её возле пятерочки,0.970715343952179,0.9411583542823792
33,102,meme_003945,Когда трахаешь беременную и вдруг KTO то трогает тебя за член,0.9614249169826508,0.9402979016304016
33,102,meme_001663,Когда пытаешься выгнать 6paTа И3 своей старой хаты,0.8646712228655815,0.9392347931861877
33,102,meme_002615,"*Стою на похоронах друга и вспоминаю его слова: ""Кто первый умрёт - тот лох""*",0.9708773295084636,0.9392078518867493
34,132,meme_010428,"Куме, а чому наші пішли в наступ тільки зараз? Бо картоплю викопали!",0.9429338971773784,0.9573208689689636
34,132,meme_007837,Падай вже швидше! Не заважай литати! Розпадались тут всяки тушки- блохольоти!!!,0.9621167693819318,0.9535719156265259
34,132,meme_012964,Будь-хто з машиною часу: -Ти мій предок -Правда?ого Українці з машиною часу: -Візьміть i стріляйте в усі сторони,0.9654196619987488,0.9513446092605591
34,132,meme_016083,"Скажи що ти живешь в Україні, не кажучи про це: Іноді вночі і думаю, що в мене немае нормальної фотки na пам'ятник",0.9116982751422458,0.9463875889778137
34,132,meme_016169,"Тату, чому в Зоряних Війнах нема москалів? Бо це майбутнє синку",0.98216872215271,0.9459823369979858
34,132,meme_015630,"Куди преш, москалю?! Я тут вже грядку скопала!",0.9575867454210916,0.9456449747085571
34,132,meme_011012,"Коли одягнув броник, бо боїшся, що знову в тебе вистрелить розпечена олия зі сковоридки",0.9585611422856648,0.9456398487091064
34,132,meme_008595,Ми впоралися! Кимсит за вами! Зрозумили! Приняли!,0.7950438459714254,0.9446585774421692
34,132,meme_006665,"Ти, який надивився відосів в ютубі ""Як правильно розмовляти з тцк"" Також ти, через годину писля розмови 3 ТЦК ідеш в потязі на Десну",0.937934011220932,0.9446092844009399
34,132,meme_010009,"Сину, чому у тебе червоні очи? Тато,я пробував курити Та не бреши, ти знову плакав бо читав 28 пунктів мирного 3 CША плану",0.8540234890851107,0.9445950984954834
35,75,meme_008420,ВООБЩЕ НЕ ХОЧУ УЕЗЖАТЬ ИЗ КРЕМЛЯ,0.9895078837871552,0.9498695135116577
35,75,meme_015004,ПОТЕРЬ НЕТ ТЕРЯТЬ НЕКОГО,0.982035905122757,0.9449947476387024
35,75,meme_002500,никаких претензий ковыляй нахуй,0.9817902147769928,0.944188117980957
35,75,meme_008711,Вообще не хачю уzжать! HКОЛИ HE ЗДАВАЙСЯ Не уiдеш,0.7427114595969518,0.941893458366394
35,75,meme_000474,Клетка Нет блять вольер,0.9829906821250916,0.9418205618858337
35,75,meme_013228,НЕ ВСТУПАЙТЕ B HATA АТЬТИ ШЕ ЖИВИЙ,0.8919687151908875,0.9412508010864258
35,75,meme_005964,НИКОГДА НЕ ВЕШАЙТЕ ТАК КОСТЮМ H He вешайтесь сами,0.7696995735168457,0.9405051469802856
35,75,meme_004032,не хочу завтра научеду,0.8993864059448242,0.9402096271514893
35,75,meme_002550,Iх только не т B нопу нееееееет,0.6997857689857483,0.9397798180580139
35,75,meme_005101,Село Нет блять встало,0.946970909833908,0.9395798444747925
36,29,meme_011336,BeuinKuiB НЛО камиш,0.8003201087315878,0.9620558023452759
36,29,meme_004514,Да нунахуйE Hигамозг,0.68724325299263,0.9541064500808716
36,29,meme_015832,"ЗАЛУЖНЫЙ, ДАЙ БОЕПРИПАСЫ",0.947390596071879,0.9539142847061157
36,29,meme_001025,PАПТO здарова комары,0.7427168190479279,0.9516090750694275
36,29,meme_007827,В дупузасуньте Свойракети,0.9473231236139932,0.9479007720947266
36,29,meme_013189,Hiч пepeд Рiздвом Z,0.7738153040409088,0.9445618391036987
36,29,meme_013984,"ПАЗЛ ""Зберимоскалика B.W",0.8664106726646423,0.9439601898193359
36,29,meme_004352,npocmo существую ny a uе еще делать,0.7348646691867283,0.9439577460289001
36,29,meme_013814,вибир за тобою INOP,0.8203350901603699,0.9437376260757446
36,29,meme_013579,ПАЛИННЯ ВБИВАЄ net,0.9597209692001344,0.9434368014335632
37,29,meme_012128,булгакова свалил фашисти бэндэри,0.9112667918205262,0.9559779167175293
37,29,meme_001881,нацаны ТИХО аломам КОЛЯКОЛЯ трахнименя,0.7169944286346436,0.9531323909759521
37,29,meme_002068,Сыр-этопрыжок молока вбесскертие,0.932583510875702,0.9517074227333069
37,29,meme_013681,росподин ДРОН CHIMAIO ШΛЯπУ,0.6999567598104477,0.9516658782958984
37,29,meme_014878,улитних таборах на Донеччин ахуенно,0.9213714301586152,0.950014591217041
37,29,meme_011125,пиздани дичь якусь GCNI,0.8804483860731125,0.9475346207618713
37,29,meme_000851,ПАРНИ ПОЙМУТ Жарко Холодно,0.9235775589942932,0.9474799036979675
37,29,meme_003223,эээ блятьсукаэ кто судаэтухуйня паставел,0.917983502149582,0.9460045099258423
37,29,meme_008201,путиннездох путинздох Царьов Ha підході,0.8480606476465861,0.9457485675811768
37,29,meme_002146,cyHyл пальцы IB вегетарианку,0.8114897906780243,0.9441816210746765
38,27,meme_009807,"Трамп відкинув пропозицію України щодо захисту від«шахедив» Сгор Голивець 10 березня,2026, 15:21 G f МИ почекаємо INO",0.8865574544126337,0.9484592080116272
38,27,meme_013308,"Трамп заявив, що чинить великий тиск на Росию Аркадий Пастула 24 KBITHЯ 2025 21:27 Редактор EROUX губами ltisete ING",0.7827816903591156,0.9476315975189209
38,27,meme_011527,Sasha Mor Зуcтpiч Путина ничого Виришити i3 Зеленським ne виришить.. Bce Путиnа може лише 3 Кобзоном... 3ycTpiч,0.8271239505094641,0.9460882544517517
38,27,meme_011647,Президент пидписав закон npo 3CY направлення ДО інших держав 17.03.2025 10:45 ПМР priдnistrоv Я,0.7650317187820163,0.9427106380462646
38,27,meme_015870,Трамп готовий зустритися із Зеленським Путіним писля Ta фіналізації мирної yгоди війни щодо припинення Sasha Mor,0.8433633406956991,0.9423154592514038
38,27,meme_007820,"Трамп перейменував Пентагон Міністерство na net НОВИНИ - СУБОТА, 6 ВЕРЕСНЯ 2025, 08:17 - УЛЯНА КРИЧКОВСЬКА розстилання дорижок червоних INC",0.8115196898579597,0.9390658140182495
38,27,meme_012734,"TCH • ПonИтикa 09:28,16.06.26 Политика 1487 2 xв Україна отримає збагачений уран вид Великої Британії: для чого його використають ПОБЛИЗУ КРИМУЗАФИКСУВАЛИ ШИСТЬ ЗЕМЛЕТРУСИВ ЗА ДЕНЬ 5YКBИ GCNI 206M4",0.8191085349429738,0.9384177327156067
38,27,meme_012617,"Украйна CШA пидписали Ta намир меморандум прo укласти корисні угоду прo копалини ТЕТЯНА ОЛИЙНИК - ЧЕТВЕР, 17 КВИТНЯ 2025, 23:48 будапешті B INO 0",0.7238728737129885,0.9337913393974304
38,27,meme_006551,"YHAH unian Буданов пообицяв значне просування ЗСУ вперед до кинця року: ""Ви скоро це побачите""(видео) bit.ly/3EMMQ4B OΦIC МОЖЕ БУТИ ГИРШЕ, А МОЖЕ БУТИ ЕЗИДЕНТ НАБАГАТО YKPАЇНИ ГИПWЕ ногг3011 Роман Синицин: ""голуби миру"", Маск та ҐPYHT іранські дрони // погляд ҐРУНТ · 5,4 тис. переглядив · 4 години тому GENI",0.8318461948319485,0.9294632077217102
38,27,meme_009432,"Бабель Трамп заявив, що запросить Зелє СУСПИЛЬНЕ НОВИНИ Трамп заявив, що сподивається на те Українська правда YII !Трамп заявив, що запросив би Радіо Свобода Трамп заявив про готовнисть зап ZAXID NET Щодня мити папугу не потрибно, dbm Трампзаявив!!",0.9262857655684154,0.927307665348053
39,34,meme_001905,ебать нихуя чурок,0.9823753237724304,0.9648333787918091
39,34,meme_005099,рреет пиздец,0.8687293231487274,0.9503008723258972
39,34,meme_003046,Вотбибила егэ патраканию дитей,0.932920068502426,0.9493684768676758
39,34,meme_008995,Снять вето Заденьги,0.9747995138168336,0.9462478756904602
39,34,meme_005419,"Вези меня, мразь",0.9723723530769348,0.9427633285522461
39,34,meme_000201,"ЯБЫЛРОЖДЁН, ЧТОБЫ ЕБАШИТЬ",0.973372519016266,0.9425548911094666
39,34,meme_010298,Хуйло i красние лінії,0.8392431735992432,0.9416916370391846
39,34,meme_004305,значит так блядь,0.8300424814224243,0.9407675266265869
39,34,meme_006463,"бать, как я хочу жрать",0.9391263723373412,0.9405859708786011
39,34,meme_004154,И покакать и подудеть,0.7616904477278391,0.9393228888511658
40,37,meme_007841,ОРЕФНИК,0.9832696914672852,0.9711178541183472
40,37,meme_014544,КУЧЕРА,0.8018221855163574,0.9639143347740173
40,37,meme_010586,ДАЛЕКОБЙНИК,0.9983665943145752,0.9631097912788391
40,37,meme_008232,РУЕЛЬ,0.7898924350738525,0.9615158438682556
40,37,meme_013280,ОБЛОМОК,0.9857702851295472,0.9601190090179443
40,37,meme_003785,Истерик,0.8113219141960144,0.9600855708122253
40,37,meme_005501,шлюха,0.9800774455070496,0.9596633315086365
40,37,meme_000933,СЕРВЕЛАТТЕ,0.9934799075126648,0.9593151211738586
40,37,meme_008514,ПРАСОСТ,0.4903340339660644,0.9582302570343018
40,37,meme_004094,посрал,0.8625292778015137,0.956557035446167
41,107,meme_009489,ПО ДΟМЛШНЕМУ,0.8043628633022308,0.9597654938697815
41,107,meme_005757,Тероинчик рероинчик,0.5743822753429413,0.958240807056427
41,107,meme_004964,ЕБАТЬ ТЫЖЁСТКИЙ,0.925101359685262,0.9582241773605347
41,107,meme_006483,ДАЙ ЛИСТОЧЕК,0.908961981534958,0.9580139517784119
41,107,meme_010677,ПЕС ПРОТОН,0.9724566340446472,0.9568190574645996
41,107,meme_003578,отжарьменя,0.969355285167694,0.9551379084587097
41,107,meme_005365,СЖAТOE ИЗЛОЖЕНИЕ,0.8114345371723175,0.9550221562385559
41,107,meme_014871,ИДИ И СДОХНИ,0.9035125076770782,0.9535799026489258
41,107,meme_005684,ВРЕМЯ ПАРИТЬ,0.9904959797859192,0.953021764755249
41,107,meme_011652,ПВО POCCИЯ,0.8027387658754984,0.9527226686477661
42,62,meme_010024,Ух ты! Новые заявления Пескова подвезли! 0.0 0 0.0 00 0. 00 00 0 00,0.7655696137384935,0.9434847235679626
42,62,meme_013503,Отношение к Трампу в России bе likе ГОЙДА! Появилось оч сильное МАЙОР КГБ ТРАМПОВ и реальное желание НАШ СЛОН! СЮДААА! проголосовать за тебя.. Вы находитесь здесь 12:00 12:05 12:10 12:15 12:20 12:25 12:30 12:35 12:40 12:45 Чёртов русофоб! Вонючий америкашка,0.9490344239317852,0.9413334131240845
42,62,meme_011506,"4:19 В Кремле подтвердили, что 24.02.2022 Путин заявлял о ""взятии Киева за две недели"" 4:20 Путин не пострадал в результате попытки 03.05.2023 атаки на Кремль 14:44 CPEДA 03 МАЯ 2023",0.9548163882323674,0.9412240982055664
42,62,meme_016011,РИАНОВОСТИ Россия внесла Луну в список недружественных спутников Земли 20.08.2023 19:16 Специальная военная операция на Украине,0.9365060230096182,0.9409829378128052
42,62,meme_008622,СТАЛ 2026. ПрезидентРФ? ВСТУПИЛ ПРЕЗИДЕНТОМ ДHP B MMM Экс-прозидонт России лично вручил партбилот рнаво ДНР МММВСЕ ЕЩЕ ЛОХОТРОН????,0.8623078912496567,0.9406483173370361
42,62,meme_015706,"MOCKBA24 11:48 Политика Путин заявил, что не боится угроз искусственного интеллекта ти зачем угрожал дедушке? INO",0.9177786310513816,0.9400933980941772
42,62,meme_014825,НОВОСТИ Сергей Шойгу посетил Иран снеобъявленным ВУЗИТОМ 17 сентября 2024 Пейджер нада... Reuters,0.9131134748458862,0.9395298957824707
42,62,meme_008655,"21 августа, 07:57, обновлено 21 августа, 08:21 Военная операция на Украине Медvедев: Tacc никаких переговоров с Kievom будет ne ДО ПОЛНОГО разгрома Bpara",0.845890095600715,0.9394700527191162
42,62,meme_016222,2 /МЕРАHГUA Едешь в Украину Ноуменя нет ноги Это даже хорошо не убежишь с поля боя,0.798773835102717,0.9394084215164185
42,62,meme_012718,"DUOLINGO 08:11 Белгородчанин, ты опять пропустил урок украинского. Ты знаешь, что теперь будет!",0.9821711629629136,0.9377961158752441
43,25,meme_011174,"εГО Кажись уронили? Tа нi, пидлога слизька, випадково впав... В Одессе тренер послал военных и пожелал им смерти: подробности ...",0.8324796611612494,0.9406651258468628
43,25,meme_007224,09:43 Польща вкотре пидняла свой винищувачи на тли масованого росийського обстрилу України На цьому моя Алежти робота закинчена ничогонезробив,0.9394341707229614,0.9400738477706909
43,25,meme_009641,"В Госдуме призвали ФОТОВИТЬСЯ K мобилизации для войны против Запада час назад Обновлено: час назад f X Расиянеяки вже 'взяли"" Кієв за трі дня",0.9335145694868904,0.9384157657623291
43,25,meme_011100,"Новости> Политика ""Moscow never sleeps"". Ha Mockвy произошла большая атака: пожар в Шереметьево и двух нефтеобъектах останний pa3 таке було pрi menи INO *",0.8261714090000499,0.9374107718467712
43,25,meme_006919,"Трамп не получит 3 МЛН рублей выплат 3a ранение, Tak kak rаnеnie получено Bне З0Hb CBO разъяснили B Счётной палате. net Це ще за попередний замах, за вухо",0.8504604065418243,0.9304285645484924
43,25,meme_006619,"Вечного полета, брат.. 117,6К Сьогодни, 20:43 К сожалению, беда пришла не одна. 18,6К Сьогодні, 23:14 Воевода Вещает Потерян Ан-26. Мужикам Царствия Небесного! 47 В авиации так всегда, беда одна не приходит.... 5,9К Сьогодні, 23:16 Я хуею с последних новостей. День просто пиздец. 9,7к Сьогодни, 23:08 Тим украйнці часом",0.9352235443451824,0.929304838180542
43,25,meme_006818,"Орбан: Угорщина отримала виняток из санкций СшА проти росийськоїнафти 3 години тому — «Главком» писав, президент США Дональд Трамп висловив думку, що Угорщина не повинна зазнавати вторинних санкцій за купивлю нафти в Росі, на",0.9617457389831544,0.9287947416305542
43,25,meme_010799,"Трамп закінчить російсько- українську війну за 24 години Мирна угода буде укладена в цьому місяці Так, ми казали про 24 години, але ж ми не уточнювали дату! net У США є інші пріоритети",0.9789367690682412,0.9285611510276794
43,25,meme_013962,The Moscow Times (RU) · 17 год MT Заходящие в российские порты танкеры охватила череда загадочных взрывов B mope GONI,0.945814184844494,0.9244487881660461
43,25,meme_009878,"C NEWS YKPAЇHA B Фоновна Вийна з Росиєю Історий Видео Книга року ВВС Подкасти Розвідка СшА підтвердила, що ЗСУ не були в оточенні на Курщині. і. Трамп не повірив було там не оточення мeні ліЧЬно пипа це сказав. БN ЩО йому INO ne вирите?",0.7843362784385681,0.9243685603141785
44,82,meme_003356,Проктолог: тужьтесь пожалуйста я: *обсираюсь* * Проктолог:,0.9833117604255676,0.9584547281265259
44,82,meme_002684,"-Слава, тебе помогает интернет в жизни? - Мне уже ничего не помогает. Как же жизненно, Слава.",0.9723983705043792,0.9580146670341492
44,82,meme_000950,"-Привет, занят? - Нет, а что? *Входящий видеозвонок* * Я:",0.9508050680160522,0.9579843282699585
44,82,meme_000674,Кто-то: «ты что в глаза долбишься?» Я: O,0.7002141922712326,0.9569304585456848
44,82,meme_000492,"зай, а тебя саму эти качели не заебали? мы же можем мирно жить всегда иди нахуй",0.9690531194210052,0.9544496536254883
44,82,meme_010904,Русские: Как же достали эти глупые стереотипы! Также русские:,0.9936498999595642,0.9541717767715454
44,82,meme_001609,Мама сказала что даст мне если я соберу 500 классов. Мужики выручайте!,0.9639483392238616,0.9530924558639526
44,82,meme_005937,Я: *РАСПЛАЧИВАЮСЬ ТЕЛЕФОНОМ* БАБКА: *ДЕЛАЕТ ТАК ЖЕ КНОПОЧНЫМ* КАССИР: ЕБАТЬ,0.8874625166257223,0.9507425427436829
44,82,meme_009927,"-Алиса, как ты могла?.. - А что? Мне надо было честно рассказать?... про Грету Тунберг, ХАМАС, ООН, или дегенерата путина!.. Вы бы поверили?",0.9721924543380738,0.9471664428710938
44,82,meme_007720,"Скажи, тебя прислали хаааахлы, ЦРу, РДК? Нет, я из ИГИл Не ври мне, тебя салом подкупили?",0.9350659251213074,0.9468418955802917
45,23,meme_006181,"Мама,а ты мной гордишься? Вот когда вырастешь и будешь целыми днями смешные картинки в интернете смотреть,тогда и поговорим",0.97490693628788,0.9530012607574463
45,23,meme_005652,Ты все темы сводишь к сексу. Повзрослей. Станьлучше. Акаклучше стать? Раком?,0.963498604297638,0.9524930119514465
45,23,meme_005624,"мой психолог: в вашей жизни слишком много стресса, попробуйте во всем искать позитив я: Ура! Опять 1С упал инихуя не сохранилось! AD0",0.8366415926388332,0.9481876492500305
45,23,meme_000231,"Интернет сейчас: что за изверги будут маскировать свои ужасные видео под что-то милое и невинное, чтобы их смотрели дети? Интернет в 2005:",0.9707831025123596,0.940065860748291
45,23,meme_015954,зачем вам хорошая жизнь? Все равно умрете от водки или на войне,0.9537490804990132,0.9394769072532654
45,23,meme_001689,Три этапа в жизни: 1.детство 2. Oro! Военное положение! 3 3.смерть,0.9820771983691624,0.9385184049606323
45,23,meme_004644,"Иду рамсить с пацанами во дворе, зная, что: Говоришь на меня- переводишь на себя Первое слово дороже второго Кто обзывается-тот сам такназывается Не учи ученого-съешь говнакопченого Плакса-вакса-гуталин, на носу горячий блин Кто признался- тот и обосрался Повторюшка-хрюшка грязная лягушка",0.9512651339173316,0.9367489814758301
45,23,meme_001945,"Каквы понимаете этукартинку? H-supasta Утебя должны быть и любимая девушка, и куча шлюх,чтобы в жизни былбаланс?",0.9745769381523132,0.9350636601448059
45,23,meme_002590,Воткогдазимнимутром почистилзубы умылся возвращаешься в спальню а там незаправленнаякроватьзаокном темноив комнате холодно иты садишьсяна край кроватии начинаешьрыдать,0.968478662627084,0.932511568069458
45,23,meme_006292,"Сын, если ты будешь хорощ в чем то, никогда не делай это бесплатно. Посмотреть аниме 3a вac. $5",0.9202572305997212,0.9314730763435364
46,28,meme_002938,"Одна тут отдыхаешь? O2 Я весь рабочий день: я такая тупая ужас Я, когда кто-то на работе намекнул, что я не шарю: ты ебало то завали, без меня бы тут всё рухнуло к херам, сукин ТbСbH",0.9208577142821418,0.9534115195274353
46,28,meme_004707,Врач - гинеколог: простофиль адекватных людей сегодня в 3:46 Слыш ебанутая Пизду покажи KxM Не сюда Здравствуйте!Я гинеколог(пиздогляд) Есть подозрение Что у вас в пизде мухи Чтобы проверить енто нужно скинуть фоткусвоей мохнатки (пизды_,0.943278964360555,0.9506931900978088
46,28,meme_003367,"Будь осторожна, Мам,я пойду упогуляю парни в наши дни сO сВоим другом думают только об одном... Секс? Давай",0.922544687986374,0.9448345303535461
46,28,meme_003456,"Доктор: вам будет немного больно, готовы? Я: да Доктор: он и его бывшая вышли из вк с разницей в одну минуту LY",0.8537644743919373,0.9437086582183838
46,28,meme_004949,"Какбыстро засыпать Лечь наспину,вытянуться, расслабить всетело.Затем закрыть глазаиспать нахуй а,понял CF cu6o",0.8206591478415898,0.9433714747428894
46,28,meme_004895,"Ты: я хочу сегодня только лежать и обниматься Он: хорошо, любимая Его член спустя 2 минуты объятий: ПРИВЕТИКИ",0.9606958031654358,0.9428393840789795
46,28,meme_004689,"Я: «спокойно СПЛЮ” МОЙ СОСЕД: вы даже не знаете, насколько я людлю музику..",0.8506138920783997,0.9404008984565735
46,28,meme_005023,Самый позорный момент во время секса? Наша бабушка зашла в комнату 21w Like Reply 1K Hawa?,0.9507228902408056,0.939009428024292
46,28,meme_002974,"Никто: 26-летний я,когда сидел, никого не трогал, а потом глубоко вздохнули сказал «пу-пу-пу»",0.9438022176424662,0.9366015791893005
46,28,meme_002629,Оллля Иногда хочется влюбиться и опять пол вечера вычислять всех его бывших по Лайкам и анализировать что значит скобочка в конце его сообщения,0.9779604971408844,0.9318915605545044
47,54,meme_002026,сегодня в 2:14 Привет. Не хочешь трахаться сегодня в 10:15 Привет. Все верно Ваше сообщение,0.9817643284797668,0.9619991779327393
47,54,meme_006000,"Я узнала твой пароль от банковской карты! 18:59 Какой? 19:00 5205 19:00 Нет, 3543, идиот 19:01",0.9804146620962356,0.9611501693725586
47,54,meme_000821,"Привет ты просто 20:42 Спасибо) 20:49 Парень есть?) 21:02 Ща погоди, посмотрю твои фотки 21:03 Да,есть 21:06",0.987496531009674,0.9604078531265259
47,54,meme_001770,"Привет:чем занят? 21:20 Привет,отдыхаю ред. 21:20 Приходи ко мне, я одна) 21:21 Лучше ты ко мне 21:21 Почему? 21:21 Посуда не помыта 21:21",0.9628985424836476,0.9581507444381714
47,54,meme_004202,"а мужчина есть? 21:09 Да 21:09 хорош в кровати? 21:09 Я тебе его не отдам, пидарас 21:09",0.95795127004385,0.9577007293701172
47,54,meme_002996,E Здравствуйте 15:16 Добрый день 15:16 E Отдадите за 12000 15:16 Возьмёте за 20000? 15:16 E HeT 15:16 И я нет 15:16√ E Вы из меня дебила строите 15:17,0.9713358283042908,0.9565366506576538
47,54,meme_000837,Сегодня Брат график какой С9до 9 00:58 Работа официальная 00:58 Тот Самый С9до 9 О часов что ли работа Типа прийти и уйти сразу надо Якак pa3 такую искал 01:1,0.9424022010394504,0.9550700187683105
47,54,meme_000903,"Мам,я братика уrонил 11:09 Что делать? 11:09 ГОСПОДИ, пОДНИМАЙ БЫСТРЕЕ, ВЫЗЫВАЙ СКОРУЮ, Я СЕЙЧАС ПРИЕДУ 11:10 Хорошо,постараюсь 11:12 Только быстрее не получится 11:13 Мне ещё пять лестничных пролётов бежать 11:13",0.9637577533721924,0.9528777003288269
47,54,meme_004439,"всё было хорошо, но мало 15:49 ты быстро кончил 15:49 Это не я быстро кончаю! 15:49 Это когда мы вместе, время пролетает незаметно! 15:50 ВЫКРУТИЛСЯ",0.986876904964447,0.9515293836593628
47,54,meme_005835,"Вика, ну ты готова уже? 23:59 Макияж заканчиваю,погоди 23:59 Сегодня Да тебе не нужен макияж, сестренка) 00:00 Спасибо) 00:00 Тебе нужна пластическая операция 00:00 Mеraхарoш",0.9253395933371324,0.9513980746269226
48,21,meme_002232,"сегодня в 5:50 Поделиться 78 Мне нравится 349 Скрыть комментарии Иван Смирнов частенько такая ошибка сегодня в 5:51 Ответить V1 Илья Титаренко Иван, Больше не ошибайся сегодня в 5:55 Ивану Ответить 23",0.9393314014781604,0.9585249423980713
48,21,meme_006474,"И НЕ ПИЗДИ, ЧТО НЕУСТРАИВАЛ ГОМОЕБЛЮ Нравится 93 Комментировать 1.4K Показать все б комментариев Окей а причем тут симс",0.9823731865201678,0.9528096914291382
48,21,meme_001088,ТРАХАЮ КОКА-КОЛУ ПАЛЬЦЕМ 18+ 8 просмотров + 4 0 Поделит... Скачать Сохранить Ловушка Д... ВЫ ПОДПИСАНЫ 778 подписчиков,0.972440546209162,0.9517503976821899
48,21,meme_004075,"Парни до дрочки: 1:05:45 Вот решил опять попробовать 1,2 тыс. просмотров Трансляция закончилась 2 Парни после дрочки: 1:08:04 Что я сегодня наделал! БОРИС БОЯРШИНОВ СО ДНА РОССИЙСКОЙ НАУКИ 1,3 TbC. просмотров ·Трансляция закончилась 2",0.9532414845057896,0.9481713771820068
48,21,meme_007763,Никто не пришёл на фан встречу 12 млн просмотров · 2 года назад 665 тыс. 108 тыс. Поделит... Скачать Сохранить,0.9428538594927106,0.9476762413978577
48,21,meme_002681,"Женя если это сообщение наберет 1 комментарий,то Дмитрий Романов будет сосать хуй! 11 минут назад Мне нравится Ontine Дмитрий Романов ты чё ахуел 28 секунд назад Комментировать.. блядь R СЕБЯ ХУЯРИЛ",0.8540117059435163,0.9456890821456909
48,21,meme_004468,идеальная расстяжка Здоровье и фитнес УСТАНОВИТЬ Пользователь Gооgle : 04.10.2018 порвал жопу заебись,0.9601488709449768,0.944398045539856
48,21,meme_001840,ДОПРОС УНИТАЗА О КРАЖЕ ФОБHА 296 просмотров + 71 1 Поделит... Скачать Сохрани...,0.9264522716403008,0.9437907338142395
48,21,meme_004190,1600 50 .ru ПРИГОТОВИЛ БАБУШКИНЫ 192 РЁБРА И УДИВИЛ ГОСТЕЙ! #wеbсрооп #вебспун #видеорецепт и наследство получил и поел вкусно,0.9825564954015944,0.9367871284484863
48,21,meme_002010,ae7te Потом пахнет ппц в машине 5-3 268 ariinaar Чем? 5-3 8 aktdsft 44 отвечает : Потом 5-3 zelenkokate 293 отвечает : Сейчас ответь 5-3 интригу наводит,0.9790614928518024,0.9361461400985718
49,20,meme_001352,o Ещё примерно 3 минуты Бегиджони везёт вам заказ X Отменить ЗBонOК Чат заказ курьеру поддержки,0.8221720963716507,0.9564933776855469
49,20,meme_000876,Приветик 13:42 Мефедрон нужен? 13:42 HeT 13:43 Непрочитанные сообщения почему 13:44 didas Почему...,0.9506098519672048,0.9482906460762024
49,20,meme_004027,«Неверный пароль» *изменить пароль * «Пароль не может быть изменён на старый» Я: 50PЩ,0.8726544082164764,0.9438908100128174
49,20,meme_003044,"28 X ИCn Устройство в хорощем состоянии! Готово Ну да, но вообще-то нет",0.7925551583369573,0.9393675327301025
49,20,meme_010505,3a дней ПЯТЬ до открытия сезона K 6eperу Анапы прибило нефти ПЯТНО час назад Обновлено: 33 минуты назад купатись можна курить ne желательно INO,0.8737612976914361,0.9387229681015015
49,20,meme_010149,21 маpта Сочный орех 15:28 23 марта Самый сочный орех 14:16 8 июня Очень сочно 13:52 Сегодня Новые сообщения Орех шикарен 13:33,0.9181550695345952,0.9381535053253174
49,20,meme_002799,"Gudim Убавил яркость жизни, чтобы хватило заряда до вечера. 11:22 - 17 янв.2018 г. ↑759 306",0.9332868456840516,0.9357413053512573
49,20,meme_001767,"23:47 .. 37 ← р. Кондурча Q : ОБЗОР НОВОСТИ OTЗЫBЫ ФОТО Виктор «Теут» Сергеевич : Местный эксперт · 25 отзывов 2годаназад Нашли труп, когда ныряли. 8/10 Полезно Бесполезно",0.8909569150871701,0.92838454246521
49,20,meme_005021,"… 0:09 На работе сказали, что от меня несет перегаром.Я ответил, что это из-за внутреннего выгорания. 13:00",0.9244339731004504,0.9275278449058533
49,20,meme_001079,11:05 Мальчик изда et пердеж 24 часа B cYTки который CTONT дороже чем ТОПЛИВО Victor Cram 1 млН просмотров .4месяца - назад,0.8582289584658362,0.927354097366333
